conference,team,conference_ranking,win_percent,conf_win_percent,availability,ncaa_tournament,med_school,weighted_postseason_win_pct,weighted_postseason_points,postseason_eff,eff_tier
SEC,Oklahoma,11,0.559,0.389,0.9732,0,1,0.682,15,2.1075,Strong
SEC,Mississippi St.,13,0.406,0.278,0.9704,0,0,0.500,1,0.3466,Below Average
BIG10,Purdue,7,0.769,0.650,0.9688,1,0,1.000,112,4.7185,Elite
SEC,Georgia,7,0.667,0.556,0.9667,1,1,0.500,3,0.8959,Below Average
SEC,Florida,1,0.771,0.889,0.9667,1,1,0.659,29,2.4941,Strong
SEC,Texas,10,0.600,0.500,0.9467,1,1,0.500,1,0.3466,Below Average
BIG12,Colorado,11,0.531,0.389,0.9417,0,1,0.500,1,0.3466,Below Average
SEC,South Carolina,14,0.406,0.222,0.9389,0,1,0.500,1,0.3466,Below Average
SEC,Texas A&M,6,0.647,0.611,0.9342,1,1,0.500,3,0.8959,Below Average
ACC,Wake Forest,13,0.514,0.389,0.9333,0,1,0.625,5,1.2997,Average
SEC,Ole Miss,15,0.429,0.222,0.9330,0,1,0.712,37,2.8115,Elite
BIG10,Iowa,9,0.649,0.500,0.9286,1,1,0.625,5,1.2997,Average
BIG12,West Virginia,7,0.563,0.500,0.9278,0,1,0.500,3,0.8959,Below Average
BIG12,Arizona,1,0.947,0.889,0.9271,1,1,1.000,106,4.6634,Elite
BIG10,Michigan,1,0.921,0.950,0.9265,1,1,0.708,75,3.2996,Elite
ACC,Virginia,2,0.833,0.833,0.9259,1,1,0.708,75,3.2996,Elite
BIG10,Northwestern,15,0.441,0.250,0.9222,0,1,0.700,7,1.6118,Average
SEC,Auburn,12,0.543,0.389,0.9222,0,1,0.625,5,1.2997,Average
BIG10,Wisconsin,5,0.686,0.700,0.9200,1,1,0.700,35,2.7384,Strong
SEC,Arkansas,3,0.778,0.722,0.9179,1,1,1.000,106,4.6634,Elite
ACC,SMU,11,0.588,0.444,0.9167,1,0,0.625,5,1.2997,Average
BIG12,TCU,6,0.657,0.611,0.9132,1,1,0.650,13,1.9472,Strong
BIG12,Kansas,3,0.686,0.667,0.9107,1,1,0.659,29,2.4941,Strong
SEC,Vanderbilt,4,0.750,0.611,0.9044,1,1,0.708,75,3.2996,Elite
ACC,NC State,7,0.588,0.556,0.9018,1,0,0.750,9,1.8637,Strong
BIG10,Michigan State,3,0.771,0.750,0.9016,1,1,0.500,7,1.3195,Average
ACC,Boston College,17,0.355,0.222,0.8993,0,0,0.000,0,0.0000,No Postseason Appearance
BIG10,UCLA,6,0.667,0.650,0.8986,1,1,0.622,51,2.7408,Strong
ACC,Duke,1,0.944,0.944,0.8985,1,1,1.000,106,4.6634,Elite
ACC,Louisville,6,0.686,0.611,0.8973,1,1,0.650,13,1.9472,Strong
ACC,Syracuse,14,0.469,0.333,0.8947,0,0,0.500,1,0.3466,Below Average
ACC,Florida State,8,0.545,0.556,0.8912,0,1,0.650,13,1.9472,Strong
SEC,Tennessee,5,0.686,0.611,0.8813,1,1,0.300,6,0.8987,Below Average
BIG12,UCF,8,0.636,0.500,0.8807,1,1,0.650,13,1.9472,Strong
SEC,Missouri,8,0.606,0.556,0.8797,1,1,0.500,3,0.8959,Below Average
ACC,North Carolina,4,0.727,0.667,0.8750,1,1,0.500,7,1.3195,Average
ACC,Clemson,5,0.686,0.667,0.8745,1,0,0.700,35,2.7384,Strong
BIG12,Oklahoma State,14,0.571,0.333,0.8667,0,1,0.625,5,1.2997,Average
SEC,LSU,16,0.469,0.167,0.8596,0,1,0.500,1,0.3466,Below Average
BIG10,Illinois,4,0.778,0.750,0.8571,1,1,0.500,7,1.3195,Average
BIG12,Cincinnati,9,0.545,0.500,0.8542,0,1,0.625,5,1.2997,Average
BIG12,Houston,2,0.811,0.778,0.8537,1,1,0.708,75,3.2996,Elite
BIG12,Iowa State,5,0.784,0.667,0.8459,1,0,0.700,35,2.7384,Strong
BIG10,USC,13,0.563,0.350,0.8423,0,1,0.500,1,0.3466,Below Average
SEC,Kentucky,9,0.611,0.556,0.8388,1,1,0.682,15,2.1075,Strong
ACC,Georgia Tech,18,0.355,0.111,0.8294,0,0,0.000,0,0.0000,No Postseason Appearance
ACC,Virginia Tech,12,0.594,0.444,0.8294,0,1,0.500,1,0.3466,Below Average
ACC,Pittsburgh,15,0.394,0.278,0.8281,0,1,0.625,5,1.2997,Average
BIG10,Rutgers,14,0.424,0.300,0.8273,0,1,0.625,5,1.2997,Average
BIG12,Texas Tech,4,0.676,0.667,0.8233,1,1,0.500,7,1.3195,Average
BIG10,Penn State,18,0.375,0.150,0.8168,0,1,0.500,1,0.3466,Below Average
ACC,Miami (FL),3,0.743,0.722,0.8162,1,1,0.659,29,2.4941,Strong
ACC,Notre Dame,16,0.419,0.222,0.8160,0,0,0.000,0,0.0000,No Postseason Appearance
BIG12,Utah,16,0.313,0.111,0.8074,0,1,0.500,1,0.3466,Below Average
ACC,Stanford,10,0.625,0.500,0.8072,0,1,0.500,1,0.3466,Below Average
BIG10,Indiana,10,0.563,0.450,0.8067,0,1,0.500,1,0.3466,Below Average
BIG12,Baylor,13,0.500,0.333,0.7993,0,1,0.500,1,0.3466,Below Average
BIG10,Nebraska,2,0.800,0.750,0.7946,1,0,0.500,7,1.3195,Average
BIG12,Kansas State,15,0.375,0.167,0.7932,0,0,0.500,1,0.3466,Below Average
BIG10,Maryland,17,0.364,0.200,0.7813,0,1,0.750,3,1.0397,Average
SEC,Alabama,2,0.735,0.722,0.7730,1,1,0.500,7,1.3195,Average
BIG10,Oregon,16,0.375,0.250,0.7675,0,0,0.500,1,0.3466,Below Average
BIG10,Ohio State,8,0.618,0.600,0.7636,1,1,0.650,13,1.9472,Strong
ACC,California,9,0.647,0.500,0.7438,0,1,0.500,3,0.8959,Below Average
BIG10,Washington,12,0.485,0.350,0.7102,0,1,0.625,5,1.2997,Average
BIG12,BYU,10,0.657,0.500,0.6765,1,1,0.682,15,2.1075,Strong
BIG10,Minnesota,11,0.469,0.400,0.6603,0,1,0.500,1,0.3466,Below Average
BIG12,Arizona State,12,0.515,0.389,0.6020,0,1,0.625,5,1.2997,Average